{"M":{"i":[0,1,2,3,4,5,6,7,8,9,10,11,12,13,14,15,16,17,18,19,20,21,22,23,24,25,26,27,28,29,30,31,32,33,34,35,36,37,38,39,40,41,42,43,44,45,46,47,48,49,50,51,52,53,54,55,56,57,58,59,60],"l":[0.3487,0.2297,0.197,0.1738,0.1553,0.1395,0.1257,0.1134,0.1021,0.0917,0.082,0.073,0.0644,0.0563,0.0487,0.0413,0.0343,0.0275,0.0211,0.0148,0.0087,0.0029,-0.0028,-0.0083,-0.0137,-0.0189,-0.024,-0.0289,-0.0337,-0.0385,-0.0431,-0.0476,-0.052,-0.0564,-0.0606,-0.0648,-0.0689,-0.0729,-0.0769,-0.0808,-0.0846,-0.0883,-0.092,-0.0957,-0.0993,-0.1028,-0.1063,-0.1097,-0.1131,-0.1165,-0.1198,-0.123,-0.1262,-0.1294,-0.1325,-0.1356,-0.1387,-0.1417,-0.1447,-0.1477,-0.1506],"m":[3.3464,4.4709,5.5675,6.3762,7.0023,7.5105,7.934,8.297,8.6151,8.9014,9.1649,9.4122,9.6479,9.8749,10.0953,10.3108,10.5228,10.7319,10.9385,11.143,11.3462,11.5486,11.7504,11.9514,12.1515,12.3502,12.5466,12.7401,12.9303,13.1169,13.3,13.4798,13.6567,13.8309,14.0031,14.1736,14.3429,14.5113,14.6791,14.8466,15.014,15.1813,15.3486,15.5158,15.6828,15.8497,16.0163,16.1827,16.3489,16.515,16.6811,16.8471,17.0132,17.1792,17.3452,17.5111,17.6768,17.8422,18.0073,18.1722,18.3366],"s":[0.14602,0.13395,0.12385,0.11727,0.11316,0.1108,0.10958,0.10902,0.10882,0.10881,0.10891,0.10906,0.10925,0.10949,0.10976,0.11007,0.11041,0.11079,0.11119,0.11164,0.11211,0.11261,0.11314,0.11369,0.11426,0.11485,0.11544,0.11604,0.11664,0.11723,0.11781,0.11839,0.11896,0.11953,0.12008,0.12062,0.12116,0.12168,0.1222,0.12271,0.12322,0.12373,0.12425,0.12478,0.12531,0.12586,0.12643,0.127,0.12759,0.12819,0.1288,0.12943,0.13005,0.13069,0.13133,0.13197,0.13261,0.13325,0.13389,0.13453,0.13517]},"F":{"i":[0,1,2,3,4,5,6,7,8,9,10,11,12,13,14,15,16,17,18,19,20,21,22,23,24,25,26,27,28,29,30,31,32,33,34,35,36,37,38,39,40,41,42,43,44,45,46,47,48,49,50,51,52,53,54,55,56,57,58,59,60],"l":[0.3809,0.1714,0.0962,0.0402,-0.005,-0.043,-0.0756,-0.1039,-0.1288,-0.1507,-0.17,-0.1872,-0.2024,-0.2158,-0.2278,-0.2384,-0.2478,-0.2562,-0.2637,-0.2703,-0.2762,-0.2815,-0.2862,-0.2903,-0.2941,-0.2975,-0.3005,-0.3032,-0.3057,-0.308,-0.3101,-0.312,-0.3138,-0.3155,-0.3171,-0.3186,-0.3201,-0.3216,-0.323,-0.3243,-0.3257,-0.327,-0.3283,-0.3296,-0.3309,-0.3322,-0.3335,-0.3348,-0.3361,-0.3374,-0.3387,-0.34,-0.3414,-0.3427,-0.344,-0.3453,-0.3466,-0.3479,-0.3492,-0.3505,-0.3518],"m":[3.2322,4.1873,5.1282,5.8458,6.4237,6.8985,7.297,7.6422,7.9487,8.2254,8.48,8.7192,8.9481,9.1699,9.387,9.6008,9.8124,10.0226,10.2315,10.4393,10.6464,10.8534,11.0608,11.2688,11.4775,11.6864,11.8947,12.1015,12.3059,12.5073,12.7055,12.9006,13.093,13.2837,13.4731,13.6618,13.8503,14.0385,14.2265,14.414,14.601,14.7873,14.9727,15.1573,15.341,15.524,15.7064,15.8882,16.0697,16.2511,16.4322,16.6133,16.7942,16.9748,17.1551,17.3347,17.5136,17.6916,17.8686,18.0445,18.2193],"s":[0.14171,0.13724,0.13,0.12619,0.12402,0.12274,0.12204,0.12178,0.12181,0.12199,0.12223,0.12247,0.12268,0.12283,0.12294,0.12299,0.12303,0.12306,0.12309,0.12315,0.12323,0.12335,0.1235,0.12369,0.1239,0.12414,0.12441,0.12472,0.12506,0.12545,0.12587,0.12633,0.12683,0.12737,0.12794,0.12855,0.12919,0.12988,0.13059,0.13135,0.13213,0.13293,0.13376,0.1346,0.13545,0.1363,0.13716,0.138,0.13884,0.13968,0.14051,0.14132,0.14213,0.14293,0.14371,0.14448,0.14525,0.146,0.14675,0.14748,0.14821]}}