{"M":{"i":[0,1,2,3,4,5,6,7,8,9,10,11,12,13,14,15,16,17,18,19,20,21,22,23,24,25,26,27,28,29,30,31,32,33,34,35,36,37,38,39,40,41,42,43,44,45,46,47,48,49,50,51,52,53,54,55,56,57,58,59,60],"l":[-0.3053,0.2708,0.1118,0.0068,-0.0727,-0.137,-0.1913,-0.2385,-0.2802,-0.3176,-0.3516,-0.3828,-0.4115,-0.4382,-0.463,-0.4863,-0.5082,-0.5289,-0.5484,-0.5669,-0.5846,-0.6014,-0.6174,-0.6328,-0.6473,-0.584,-0.5497,-0.5166,-0.485,-0.4552,-0.4274,-0.4016,-0.3782,-0.3572,-0.3388,-0.3231,-0.3101,-0.3,-0.2927,-0.2884,-0.2869,-0.2881,-0.2919,-0.2981,-0.3067,-0.3174,-0.3303,-0.3452,-0.3622,-0.3811,-0.4019,-0.4245,-0.4488,-0.4747,-0.5019,-0.5303,-0.5599,-0.5905,-0.6223,-0.6552,-0.6892],"m":[13.4069,14.9441,16.3195,16.8987,17.1579,17.2919,17.3422,17.3288,17.2647,17.1662,17.0488,16.9239,16.7981,16.6743,16.5548,16.4409,16.3335,16.2329,16.1392,16.0528,15.9743,15.9039,15.8412,15.7852,15.7356,15.98,15.9414,15.9036,15.8667,15.8306,15.7953,15.7606,15.7267,15.6934,15.661,15.6294,15.5988,15.5693,15.541,15.514,15.4885,15.4645,15.442,15.421,15.4013,15.3827,15.3652,15.3485,15.3326,15.3174,15.3029,15.2891,15.2759,15.2633,15.2514,15.24,15.2291,15.2188,15.2091,15.2,15.1916],"s":[0.0956,0.09027,0.08677,0.08495,0.08378,0.08296,0.08234,0.08183,0.0814,0.08102,0.08068,0.08037,0.08009,0.07982,0.07958,0.07935,0.07913,0.07892,0.07873,0.07854,0.07836,0.07818,0.07802,0.07786,0.07771,0.07792,0.078,0.07808,0.07818,0.07829,0.07841,0.07854,0.07867,0.07882,0.07897,0.07914,0.07931,0.0795,0.07969,0.0799,0.08012,0.08036,0.08061,0.08087,0.08115,0.08144,0.08174,0.08205,0.08238,0.08272,0.08307,0.08343,0.0838,0.08418,0.08457,0.08496,0.08536,0.08577,0.08617,0.08659,0.087]},"F":{"i":[0,1,2,3,4,5,6,7,8,9,10,11,12,13,14,15,16,17,18,19,20,21,22,23,24,25,26,27,28,29,30,31,32,33,34,35,36,37,38,39,40,41,42,43,44,45,46,47,48,49,50,51,52,53,54,55,56,57,58,59,60],"l":[-0.0631,0.3448,0.1749,0.0643,-0.0191,-0.0864,-0.1429,-0.1916,-0.2344,-0.2725,-0.3068,-0.3381,-0.3667,-0.3932,-0.4177,-0.4407,-0.4623,-0.4825,-0.5017,-0.5199,-0.5372,-0.5537,-0.5695,-0.5846,-0.5989,-0.5684,-0.5684,-0.5684,-0.5684,-0.5684,-0.5684,-0.5684,-0.5684,-0.5684,-0.5684,-0.5684,-0.5684,-0.5684,-0.5684,-0.5684,-0.5684,-0.5684,-0.5684,-0.5684,-0.5684,-0.5684,-0.5684,-0.5684,-0.5684,-0.5684,-0.5684,-0.5684,-0.5684,-0.5684,-0.5684,-0.5684,-0.5684,-0.5684,-0.5684,-0.5684,-0.5684],"m":[13.3363,14.5679,15.7679,16.3574,16.6703,16.8386,16.9083,16.902,16.8404,16.7406,16.6184,16.4875,16.3568,16.2311,16.1128,16.0028,15.9017,15.8096,15.7263,15.6517,15.5855,15.5278,15.4787,15.438,15.4052,15.659,15.6308,15.6037,15.5777,15.5523,15.5276,15.5034,15.4798,15.4572,15.4356,15.4155,15.3968,15.3796,15.3638,15.3493,15.3358,15.3233,15.3116,15.3007,15.2905,15.2814,15.2732,15.2661,15.2602,15.2556,15.2523,15.2503,15.2496,15.2502,15.2519,15.2544,15.2575,15.2612,15.2653,15.2698,15.2747],"s":[0.09272,0.09556,0.09371,0.09254,0.09166,0.09096,0.09036,0.08984,0.08939,0.08898,0.08861,0.08828,0.08797,0.08768,0.08741,0.08716,0.08693,0.08671,0.0865,0.0863,0.08612,0.08594,0.08577,0.0856,0.08545,0.08452,0.08449,0.08446,0.08444,0.08443,0.08444,0.08448,0.08455,0.08467,0.08484,0.08506,0.08535,0.08569,0.08609,0.08654,0.08704,0.08757,0.08813,0.08872,0.08931,0.08991,0.09051,0.0911,0.09168,0.09227,0.09286,0.09345,0.09403,0.0946,0.09515,0.09568,0.09618,0.09665,0.09709,0.0975,0.09789]}}