{"M":{"i":[3,4,5,6,7,8,9,10,11,12,13,14,15,16,17,18,19,20,21,22,23,24,25,26,27,28,29,30,31,32,33,34,35,36,37,38,39,40,41,42,43,44,45,46,47,48,49,50,51,52,53,54,55,56,57,58,59,60],"l":[0.3928,0.3475,0.3092,0.2755,0.2453,0.2179,0.1925,0.169,0.1469,0.1261,0.1064,0.0876,0.0697,0.0526,0.0362,0.0204,0.0051,-0.0097,-0.0239,-0.0378,-0.0512,-0.0643,-0.077,-0.0894,-0.1014,-0.1132,-0.1248,-0.136,-0.147,-0.1578,-0.1684,-0.1788,-0.189,-0.1989,-0.2087,-0.2184,-0.2278,-0.2372,-0.2463,-0.2553,-0.2642,-0.273,-0.2816,-0.2901,-0.2985,-0.3067,-0.3149,-0.3229,-0.3309,-0.3387,-0.3464,-0.3541,-0.3616,-0.3691,-0.3765,-0.3838,-0.391,-0.3981],"m":[13.4817,13.8097,14.0585,14.2389,14.3678,14.4591,14.5245,14.5733,14.6119,14.6449,14.6758,14.7063,14.738,14.7723,14.8095,14.8496,14.8926,14.9388,14.9883,15.041,15.0964,15.1536,15.2115,15.2693,15.3259,15.3808,15.4336,15.4839,15.5317,15.5771,15.6201,15.6611,15.7003,15.738,15.7745,15.8101,15.845,15.8793,15.9132,15.9467,15.9797,16.0124,16.0447,16.0767,16.1085,16.14,16.1714,16.2027,16.234,16.2654,16.2968,16.3283,16.3599,16.3916,16.4233,16.4551,16.4871,16.5191],"s":[0.07475,0.07523,0.07566,0.07601,0.07629,0.0765,0.07665,0.07676,0.07683,0.07689,0.07694,0.07699,0.07703,0.07707,0.0771,0.07713,0.07717,0.07721,0.07725,0.07731,0.07738,0.07746,0.07755,0.07767,0.0778,0.07794,0.0781,0.07827,0.07846,0.07866,0.07887,0.07909,0.07933,0.07956,0.07981,0.08006,0.08032,0.08058,0.08085,0.08112,0.08139,0.08166,0.08194,0.08222,0.0825,0.08278,0.08307,0.08335,0.08364,0.08392,0.08421,0.0845,0.08479,0.08508,0.08537,0.08566,0.08595,0.08624]},"F":{"i":[3,4,5,6,7,8,9,10,11,12,13,14,15,16,17,18,19,20,21,22,23,24,25,26,27,28,29,30,31,32,33,34,35,36,37,38,39,40,41,42,43,44,45,46,47,48,49,50,51,52,53,54,55,56,57,58,59,60],"l":[-0.1733,-0.1733,-0.1733,-0.1733,-0.1733,-0.1733,-0.1733,-0.1733,-0.1733,-0.1733,-0.1733,-0.1733,-0.1733,-0.1733,-0.1733,-0.1733,-0.1733,-0.1733,-0.1733,-0.1733,-0.1733,-0.1733,-0.1733,-0.1733,-0.1733,-0.1733,-0.1733,-0.1733,-0.1733,-0.1733,-0.1733,-0.1733,-0.1733,-0.1733,-0.1733,-0.1733,-0.1733,-0.1733,-0.1733,-0.1733,-0.1733,-0.1733,-0.1733,-0.1733,-0.1733,-0.1733,-0.1733,-0.1733,-0.1733,-0.1733,-0.1733,-0.1733,-0.1733,-0.1733,-0.1733,-0.1733,-0.1733,-0.1733],"m":[13.0284,13.3649,13.6061,13.7771,13.9018,13.9952,14.0665,14.1217,14.1667,14.2065,14.2455,14.2859,14.3289,14.3752,14.4254,14.4795,14.5372,14.5987,14.6639,14.7328,14.8049,14.8795,14.9559,15.0327,15.1085,15.1817,15.2514,15.3168,15.3779,15.4351,15.4895,15.5423,15.5941,15.6456,15.6969,15.7483,15.7997,15.8509,15.9016,15.9518,16.0016,16.0509,16.1001,16.1491,16.1983,16.2477,16.2974,16.3475,16.3981,16.449,16.5001,16.5514,16.6026,16.6534,16.7039,16.7539,16.8034,16.8526],"s":[0.08263,0.08298,0.08325,0.08343,0.08352,0.08351,0.08342,0.08326,0.08305,0.0828,0.08254,0.08227,0.08202,0.08179,0.0816,0.08143,0.08131,0.08123,0.08118,0.08118,0.08121,0.08127,0.08136,0.08147,0.08161,0.08178,0.08196,0.08217,0.0824,0.08265,0.08292,0.0832,0.08351,0.08383,0.08416,0.08451,0.08487,0.08525,0.08563,0.08602,0.08642,0.08683,0.08723,0.08765,0.08806,0.08848,0.0889,0.08932,0.08974,0.09016,0.09057,0.09099,0.0914,0.09181,0.09221,0.09262,0.09301,0.09341]}}